username,password
username,3d725109c7e7c0bfb9d709836735b56d943d263f
username3,3d725109c7e7c0bfb9d709836735b56d943d263f
username5,3d725109c7e7c0bfb9d709836735b56d943d263f
username100,3d725109c7e7c0bfb9d709836735b56d943d263f
username102,3d725109c7e7c0bfb9d709836735b56d943d263f
username_test,54916d2e62f65b3afa6e192e6a601cdbe5cb5897
username_test2,54916d2e62f65b3afa6e192e6a601cdbe5cb5897
username_test3,54916d2e62f65b3afa6e192e6a601cdbe5cb5897
username_test4,54916d2e62f65b3afa6e192e6a601cdbe5cb5897
username_test5,54916d2e62f65b3afa6e192e6a601cdbe5cb5897
username_test6,54916d2e62f65b3afa6e192e6a601cdbe5cb5897
username_test7,54916d2e62f65b3afa6e192e6a601cdbe5cb5897
username_test8,811daf25b0901c0346d50d0ff2a15c683900b965
username_test9,811daf25b0901c0346d50d0ff2a15c683900b965
